"random_species","limb_width","limb_length","random_observer","Volume"
"Hyla versicolor",0.951704096963096,5.11475666452375,"Minimalism",3.63846947759063
"Hyla versicolor",2.55401731943047,6.68325499005317,"Minimalism",34.2393560904042
"Pseudacris regilla",0.225826292134926,6.28865985886251,"Modernism",0.251881919548827
"Acris crepitans",0.909873343081571,5.72873459841221,"Modernism",3.72486439791431
"Pseudacris regilla",0.347098013549734,5.75718965424627,"Modernism",0.544759326219591
"Hyla chrysoscelis",1.95999432224115,5.53000993038228,"Minimalism",16.6849695771485
"Hyla versicolor",2.11506487009702,7.82321043924915,"Minimalism",27.4866794608145
"Hyla versicolor",2.20188750103023,5.57466522211514,"Modernism",21.2275037068821
"Hyla chrysoscelis",1.33734885718184,7.43055188182639,"Futurism",10.4375933834439
"Pseudacris regilla",1.21547809183621,6.80186484154288,"Modernism",7.89245564825519
"Acris crepitans",1.34350274996188,6.11427259412412,"Minimalism",8.66785819818825
"Pseudacris regilla",1.01008041118842,7.18829403096299,"Minimalism",5.76006802231928
"Hyla chrysoscelis",0.514002278288582,5.97225423387181,"Modernism",1.23924808464251
"Hyla versicolor",1.32802654118404,7.87089427923683,"Minimalism",10.9025345037997
"Hyla chrysoscelis",0.936341199264887,7.20272411925305,"Futurism",4.95969451683085
"Pseudacris maculata",0.565527053113134,6.69613923552267,"Modernism",1.68198116070615
"Hyla versicolor",2.94631386281346,5.91885469170357,"Modernism",40.3539059863745
"Hyla chrysoscelis",1.97687442857185,6.07149327849734,"Futurism",18.6356080381839
"Pseudacris regilla",0.0974563932587975,6.726487249131,"Modernism",0.0501763278011335
"Hyla versicolor",0.398421979814197,5.79152920419328,"Minimalism",0.722054053569794
"Hyla chrysoscelis",1.62329302187185,7.02782629661843,"Modernism",14.5446991846969
"Hyla versicolor",4.25714318257152,5.33007022694032,"Minimalism",75.8681208033922
"Acris crepitans",0.239646330110761,5.13642912125277,"Futurism",0.231682241513729
"Pseudacris regilla",3.02978636036031,8.50616603064128,"Futurism",61.3264392086277
"Pseudacris maculata",1.48632108313719,7.05831950460386,"Futurism",12.2466264533182
"Hyla chrysoscelis",1.84237182381992,6.26652803512722,"Futurism",16.7059599005045
"Hyla versicolor",2.35848437942671,5.26725225122352,"Futurism",23.0112392151676
"Pseudacris maculata",3.42073999408444,6.66954827307629,"Futurism",61.295195167145
"Hyla versicolor",1.69215862889546,6.59777021137243,"Modernism",14.8377897519767
"Hyla versicolor",2.14913094685623,5.11935840744208,"Minimalism",18.5708239475897
"Hyla chrysoscelis",4.06769083589685,7.74427827416835,"Modernism",100.639091001754
"Pseudacris maculata",1.19909584259982,5.25701786200207,"Modernism",5.93659098816614
"Pseudacris regilla",0.428022171361333,6.9440172501384,"Futurism",0.999155777827767
"Acris crepitans",1.53729644649446,6.08858971034443,"Futurism",11.3011291307051
"Acris crepitans",1.53395659487623,6.44987888658344,"Modernism",11.9197619690972
"Hyla chrysoscelis",1.1676771647563,6.52396609713133,"Futurism",6.98629871920917
"Pseudacris maculata",1.9318711854532,6.6697205673537,"Minimalism",19.5503191004606
"Pseudacris maculata",1.51820750275966,7.05228763635414,"Futurism",12.7668032421323
"Acris crepitans",0.222950712626893,5.99989218676524,"Minimalism",0.234234605517555
"Hyla chrysoscelis",1.53132849184223,5.67217275815206,"Minimalism",10.4466262512401
"Hyla versicolor",1.61733230505779,6.64419416177428,"Minimalism",13.6499392754749
"Pseudacris regilla",0.254579118021661,5.05971659904944,"Futurism",0.257550044132938
"Acris crepitans",1.30994351132523,5.18080932147529,"Futurism",6.9822054839542
"Pseudacris maculata",2.54645418473478,4.27806930083076,"Modernism",21.7876018610866
"Pseudacris maculata",2.83188446514231,6.30824291633814,"Futurism",39.7328165633286
"Pseudacris maculata",1.98634292247488,6.99103778782045,"Minimalism",21.6640667688293
"Pseudacris regilla",1.39929800850621,7.81257550035797,"Minimalism",12.0144678835987
"Hyla versicolor",1.02203446894753,3.80955429316716,"Minimalism",3.12532463170609
"Pseudacris regilla",0.401138655029299,6.19151033638988,"Minimalism",0.782484082402548
"Hyla chrysoscelis",1.52426563808313,5.28514295133911,"Futurism",9.64423842605504
"Acris crepitans",2.44365694774411,5.96856109989871,"Futurism",27.9923913023403
"Pseudacris maculata",1.60159684303087,4.81975813407514,"Futurism",9.71005152588169
"Hyla chrysoscelis",2.14603339500242,4.88600232049358,"Minimalism",17.6732532997523
"Hyla chrysoscelis",3.15172060974831,5.42174171695489,"Futurism",42.2984184560051
"Hyla chrysoscelis",0.760606714031548,5.52120956496379,"Futurism",2.50867511865793
"Pseudacris regilla",1.48114425294219,7.44759372907109,"Futurism",12.8321838878081
"Pseudacris regilla",0.277892789105364,6.23752821023032,"Minimalism",0.378317960246943
"Pseudacris regilla",0.883877749795553,6.69813868463262,"Modernism",4.1098731664127
"Hyla chrysoscelis",2.32435689806624,6.24762794071781,"Modernism",26.5100573211235
"Hyla chrysoscelis",1.28235909149845,5.77258011331615,"Futurism",7.45554096043951
"Pseudacris maculata",1.87173939288558,5.65058776689976,"Minimalism",15.5479905367338
"Pseudacris regilla",1.63959282833637,4.94061102829121,"Minimalism",10.4313991783926
"Pseudacris maculata",3.17545184718766,5.05413533915138,"Futurism",40.0265180034471
"Hyla chrysoscelis",1.8969943249085,6.08533550580357,"Modernism",17.1991297197639
"Hyla chrysoscelis",0.441780882267514,5.68946203828621,"Futurism",0.872117340510344
"Hyla versicolor",0.915152687447947,5.80830146134648,"Minimalism",3.82055229956724
"Acris crepitans",1.63075101086937,8.13141902026768,"Minimalism",16.9836697161089
"Acris crepitans",1.22156068800377,8.19394049934868,"Modernism",9.60312944934811
"Hyla chrysoscelis",2.87467520741063,6.12298754769531,"Modernism",39.7402710066803
"Acris crepitans",2.87388438405301,4.94050894388364,"Minimalism",32.0479427624003
"Acris crepitans",2.20253865305374,6.22950172481369,"Minimalism",23.7350564647772
"Hyla versicolor",2.86247152777714,5.12251639756978,"Minimalism",32.9651904981317
"Hyla chrysoscelis",1.81552666541041,7.11222778116593,"Modernism",18.4119930587695
"Acris crepitans",1.91608939681358,7.71421992350231,"Futurism",22.2440279707724
"Hyla chrysoscelis",2.04868831345664,5.1445412718791,"Futurism",16.9585344178651
"Acris crepitans",1.70424051898264,6.1561883504075,"Minimalism",14.0431182657694
"Acris crepitans",2.64765247731649,5.20575048124476,"Modernism",28.6612541384814
"Acris crepitans",2.44735757615935,8.30746199692047,"Futurism",39.0798690267687
"Pseudacris maculata",3.24157467573441,6.30148110166937,"Modernism",52.0049377880624
"Hyla chrysoscelis",0.548335300554177,7.78679302350095,"Futurism",1.8388272192815
"Acris crepitans",1.99472285124731,6.16566268996029,"Minimalism",19.2679170921184
"Pseudacris regilla",1.90055326309572,6.41585816004599,"Modernism",18.2013971496313
"Hyla chrysoscelis",0.139658204841457,6.10875384388052,"Modernism",0.0935783573362668
"Pseudacris regilla",3.74030807921602,6.41746686355911,"Modernism",70.512849762243
"Pseudacris regilla",3.86979422260143,4.28386728534986,"Futurism",50.3850429434851
"Pseudacris regilla",0.599718372313402,5.99847345236848,"Modernism",1.6944366235683
"Pseudacris maculata",0.120981002399782,6.25381337195952,"Modernism",0.071890111183246
"Hyla chrysoscelis",0.36782796559182,6.67558922224319,"Minimalism",0.709363725695726
"Hyla versicolor",0.881812353224958,5.2816751177769,"Modernism",3.22562533951185
"Pseudacris regilla",1.75376566975717,5.93413858279734,"Minimalism",14.3347688615651
"Pseudacris regilla",1.2106056586809,7.12321528123147,"Futurism",8.19919755345916
"Acris crepitans",0.743937069265174,7.29590238216796,"Futurism",3.17132897065351
"Acris crepitans",0.160324857178188,5.32845673468256,"Minimalism",0.107570465645651
"Pseudacris regilla",0.558855984814939,5.74144138442105,"Minimalism",1.40835010044765
"Hyla chrysoscelis",2.08834229249221,6.33738798647901,"Modernism",21.7071868794314
"Pseudacris regilla",0.378704703248407,5.07019698396099,"Futurism",0.571105196092827
"Acris crepitans",1.65414507789138,6.03114620129033,"Modernism",12.9609528780251
"Pseudacris maculata",3.40052864935125,5.66852692775202,"Futurism",51.4817109231361
"Hyla versicolor",0.404603895137956,7.19062999691509,"Modernism",0.924521344846045
"Hyla versicolor",0.792408537005815,6.9229956931458,"Modernism",3.4141471422227
